Global_Rank,City,GEOGRAPHY,STATE/PROVINCE,REGION,REGION Rank,GROUPING,City ID,2019 City Classification,2019 Index Score,Cultural_Assets,Human_Infrastructure,Networked_Markets,2018-2014 AVERAGE RANK Global Rank,ABOVE OR BELOW AVERAGE RANK,2018_Global_Rank
1,New York,United States,New York,AMERICAS,1,USA,901,NEXUS,59,20,20,19,4,3,4
2,Tokyo,Japan,Tokyo,ASIA,1,JAPAN,1361,NEXUS,58,20,20,18,7,5,1
3,London,United Kingdom,,EUROPE,1,UK,737,NEXUS,57,20,20,17,2,-1,2
4,Los Angeles,United States,California,AMERICAS,2,USA,740,NEXUS,56,19,18,19,12,8,5
5,Singapore,Singapore,Singapore,ASIA,2,ASIA,1240,NEXUS,55,19,19,17,12,7,6
6,Paris,France,Île-de-France,EUROPE,2,EUROPE,1002,NEXUS,55,20,19,16,8,2,9
7,Chicago,United States,Illinois,AMERICAS,3,USA,264,NEXUS,55,18,19,18,17,10,11
8,Boston,United States,Massachusetts,AMERICAS,4,USA,167,NEXUS,55,19,19,17,5,-3,7
9,San Francisco - San Jose,United States,California,AMERICAS,5,USA,1557,NEXUS,55,19,18,18,3,-6,3
10,Toronto,Canada,Ontario,AMERICAS,6,CANADA,1370,NEXUS,54,19,19,16,10,0,8
11,Melbourne,Australia,VIC,ASIA,3,ANZ,811,NEXUS,54,20,18,16,24,13,16
12,Berlin,Germany,,EUROPE,3,EUROPE,142,NEXUS,53,19,18,16,15,3,14
13,Dallas-Fort Worth,United States,Texas,AMERICAS,7,USA,325,NEXUS,53,17,18,18,30,17,13
14,Seoul,South Korea,Seoul,ASIA,4,ASIA,1218,NEXUS,53,18,18,17,10,-4,12
15,Sydney,Australia,NSW,ASIA,5,ANZ,1300,NEXUS,53,19,17,17,15,0,10
16,Seattle,United States,Washington,AMERICAS,8,USA,1215,NEXUS,53,18,18,17,15,-1,15
17,Houston,United States,Texas,AMERICAS,9,USA,525,NEXUS,52,17,18,17,33,16,17
18,Atlanta,United States,Georgia,AMERICAS,10,USA,79,NEXUS,52,17,17,18,38,20,20
19,Washington DC,United States,District of Columbia,AMERICAS,11,USA,1471,NEXUS,52,17,18,17,27,8,24
20,Miami,United States,Florida,AMERICAS,12,USA,822,NEXUS,51,17,17,17,37,17,26
21,Barcelona,Spain,,EUROPE,4,EUROPE,105,NEXUS,50,18,17,15,32,11,30
22,Montréal,Canada,Quebec,AMERICAS,13,CANADA,853,NEXUS,50,18,18,14,30,8,22
23,San Diego,United States,California,AMERICAS,14,USA,1160,NEXUS,50,17,17,16,40,17,23
24,Philadelphia,United States,Pennsylvania,AMERICAS,15,USA,1027,NEXUS,50,16,18,16,34,10,32
25,Vienna,Austria,Vienna,EUROPE,5,EUROPE,1439,NEXUS,50,19,18,13,10,-15,19
26,Beijing,China,Beijing,ASIA,6,CHINA,125,NEXUS,50,18,16,16,39,13,37
27,Munich,Germany,,EUROPE,6,EUROPE,863,NEXUS,49,17,19,13,14,-13,21
28,Madrid,Spain,,EUROPE,7,EUROPE,766,NEXUS,49,18,17,14,53,25,38
29,Milan,Italy,,EUROPE,8,EUROPE,825,NEXUS,49,18,17,14,44,15,40
30,Amsterdam,Netherlands,,EUROPE,9,EUROPE,43,NEXUS,49,17,17,15,11,-19,18
31,Dubai,United Arab Emirates,,EMERGING,1,MID-EAST,353,NEXUS,49,17,16,16,28,-3,33
32,Stockholm,Sweden,,EUROPE,10,EUROPE,1279,NEXUS,49,17,17,15,23,-9,28
33,Shanghai,China,Shanghai,ASIA,7,CHINA,1227,NEXUS,49,16,16,17,31,-2,35
34,Austin,United States,Texas,AMERICAS,16,USA,87,NEXUS,49,16,16,17,40,6,29
35,Denver,United States,Colorado,AMERICAS,17,USA,334,NEXUS,49,17,17,15,53,18,31
36,Vancouver,Canada,British Columbia,AMERICAS,18,CANADA,1426,NEXUS,48,16,17,15,31,-5,25
37,Osaka,Japan,Osaka,ASIA,8,JAPAN,2112,NEXUS,48,17,17,14,48,11,45
38,Moscow,Russia,Moscow,EUROPE,11,RUSSIA,858,NEXUS,48,18,16,14,50,12,48
39,Portland,United States,Oregon,AMERICAS,19,USA,1053,NEXUS,48,16,17,15,51,12,41
40,Las Vegas,United States,Nevada,AMERICAS,20,USA,713,NEXUS,48,17,15,16,82,42,51
41,Tel Aviv,Israel,,EUROPE,12,MID-EAST,1337,NEXUS,47,17,15,15,31,-10,44
42,Oslo,Norway,,EUROPE,13,EUROPE,978,NEXUS,47,16,17,14,34,-8,36
43,Istanbul,Turkey,,EUROPE,14,MID-EAST,564,NEXUS,47,18,15,14,82,39,53
44,Taipei,Taiwan,Taiwan,ASIA,9,CHINA,1313,NEXUS,47,16,16,15,68,24,60
45,Rome,Italy,,EUROPE,15,EUROPE,1117,NEXUS,47,18,16,13,58,13,47
46,Hamburg,Germany,,EUROPE,16,EUROPE,483,NEXUS,46,16,17,13,33,-13,42
47,Copenhagen,Denmark,,EUROPE,17,EUROPE,302,NEXUS,46,17,17,12,24,-23,39
48,Brisbane,Australia,QLD,ASIA,10,ANZ,186,NEXUS,46,17,16,13,58,10,54
49,Oakland,United States,California,AMERICAS,21,USA,944,NEXUS,46,15,16,15,99,50,43
50,Orlando,United States,Florida,AMERICAS,22,USA,972,NEXUS,46,15,16,15,53,3,50
51,Baltimore,United States,Maryland,AMERICAS,23,USA,97,NEXUS,46,16,16,14,75,24,52
52,Dublin,Ireland,,EUROPE,18,EUROPE,354,NEXUS,46,16,16,14,67,15,49
53,Shenzhen,China,Guangdong,ASIA,11,CHINA,1230,NEXUS,46,15,15,16,68,15,55
54,Québec,Canada,Quebec,AMERICAS,24,CANADA,1079,NEXUS,46,16,17,13,62,8,58
55,Detroit,United States,Michigan,AMERICAS,25,USA,337,NEXUS,46,14,17,15,155,100,80
56,Hong Kong,China,Hong Kong,ASIA,12,CHINA,522,NEXUS,46,16,15,15,26,-30,27
57,Manchester,United Kingdom,,EUROPE,19,UK,782,NEXUS,46,16,17,13,34,-23,34
58,Helsinki,Finland,,EUROPE,20,EUROPE,497,NEXUS,46,16,16,14,36,-22,46
59,Minneapolis-St Paul,United States,Minnesota,AMERICAS,26,USA,1544,NEXUS,46,15,16,15,64,5,61
60,Phoenix,United States,Arizona,AMERICAS,27,USA,1030,NEXUS,46,15,16,15,125,65,81
61,Prague,Czech Republic,Central Bohemian Region,EUROPE,21,EUROPE,1061,HUB,45,17,16,12,60,-1,63
62,Zürich,Switzerland,,EUROPE,22,EUROPE,1526,HUB,45,15,17,13,67,5,85
63,Frankfurt,Germany,,EUROPE,23,EUROPE,409,HUB,45,15,17,13,41,-22,56
64,Sacramento,United States,California,AMERICAS,28,USA,1133,HUB,45,15,15,15,113,49,59
65,Brussels,Belgium,Brussels,EUROPE,24,EUROPE,190,HUB,45,16,16,13,56,-9,76
66,Nashville,United States,Tennessee,AMERICAS,29,USA,890,HUB,45,15,15,15,141,75,84
67,São Paulo,Brazil,São Paulo,AMERICAS,30,LATIN AMERICA,1204,HUB,45,17,14,14,95,28,79
68,Newark,United States,New Jersey,AMERICAS,31,USA,902,HUB,45,16,16,13,86,18,87
69,Buenos Aires,Argentina,Buenos Aires,AMERICAS,32,LATIN AMERICA,196,HUB,45,18,14,13,143,74,82
70,San Antonio,United States,Texas,AMERICAS,33,USA,1155,HUB,45,14,16,15,119,49,108
71,Bangkok,Thailand,Bangkok,ASIA,13,ASIA,101,HUB,45,16,14,15,122,51,106
72,Santa Ana-Anaheim,United States,California,AMERICAS,34,USA,1173,HUB,45,15,15,15,88,16,67
73,Tampa,United States,Florida,AMERICAS,35,USA,1327,HUB,45,14,16,15,87,14,71
74,Guangzhou,China,Guangdong,ASIA,14,CHINA,468,HUB,45,16,14,15,148,74,113
75,Abu Dhabi,United Arab Emirates,,EMERGING,2,MID-EAST,8,HUB,44,14,15,15,61,-14,69
76,Lyon,France,Rhône-Alpes,EUROPE,25,EUROPE,757,HUB,44,16,16,12,40,-36,66
77,Düsseldorf,Germany,,EUROPE,26,EUROPE,363,HUB,44,15,17,12,56,-21,65
78,Athens,Greece,,EUROPE,27,EUROPE,78,HUB,44,17,15,12,171,93,62
79,Budapest,Hungary,,EUROPE,28,EUROPE,194,HUB,44,16,15,13,71,-8,74
80,Kyoto,Japan,Kyoto,ASIA,15,JAPAN,700,HUB,44,15,15,14,51,-29,64
81,Kuala Lumpur,Malaysia,Kuala Lumpur,ASIA,16,ASIA,689,HUB,44,15,15,14,94,13,99
82,Stuttgart,Germany,,EUROPE,29,EUROPE,1285,HUB,44,15,17,12,35,-47,57
83,Rotterdam,Netherlands,,EUROPE,30,EUROPE,1123,HUB,44,15,16,13,91,8,111
84,Fort Lauderdale,United States,Florida,AMERICAS,36,USA,403,HUB,44,14,16,14,145,61,103
85,Mumbai,India,Maharashtra,ASIA,17,INDIA,862,HUB,44,16,15,13,87,2,92
86,Charlotte,United States,North Carolina,AMERICAS,37,USA,247,HUB,44,14,16,14,127,41,109
87,Mexico City,Mexico,Mexico City,AMERICAS,38,LATIN AMERICA,821,HUB,44,16,14,14,142,55,73
88,Riverside,United States,California,AMERICAS,39,USA,1111,HUB,44,14,15,15,123,35,88
89,Calgary,Canada,Alberta,AMERICAS,40,CANADA,210,HUB,44,15,17,12,87,-2,86
90,Pittsburgh,United States,Pennsylvania,AMERICAS,41,USA,1035,HUB,44,14,16,14,84,-6,75
91,Busan,South Korea,,ASIA,18,ASIA,1553,HUB,43,15,15,13,82,-9,68
92,Cologne,Germany,,EUROPE,31,EUROPE,290,HUB,43,15,17,11,60,-32,72
93,Raleigh-Durham,United States,North Carolina,AMERICAS,42,USA,1085,HUB,43,15,14,14,55,-38,77
94,Kansas City,United States,KS/MO,AMERICAS,43,USA,614,HUB,43,14,15,14,80,-14,78
95,Lisbon,Portugal,,EUROPE,32,EUROPE,730,HUB,43,17,15,11,107,12,90
96,Providence,United States,Rhode Island,AMERICAS,44,USA,1067,HUB,43,14,15,14,99,3,91
97,The Hague,Netherlands,,EUROPE,33,EUROPE,1537,HUB,43,15,16,12,81,-16,110
98,Edinburgh,United Kingdom,,EUROPE,34,UK,368,HUB,43,16,15,12,78,-20,89
99,St Louis,United States,Missouri,AMERICAS,45,USA,1272,HUB,43,14,15,14,142,43,137
100,Honolulu,United States,Hawaii,AMERICAS,46,USA,523,HUB,43,15,14,14,141,41,112
101,Perth,Australia,WA,ASIA,19,ANZ,1020,HUB,43,15,15,13,132,31,105
102,Indianapolis,United States,Indiana,AMERICAS,47,USA,548,HUB,43,14,16,13,179,77,107
103,Salt Lake City,United States,Utah,AMERICAS,48,USA,1149,HUB,43,14,15,14,102,-1,83
104,Edmonton,Canada,Alberta,AMERICAS,49,CANADA,369,HUB,43,15,16,12,121,17,125
105,Leipzig,Germany,,EUROPE,35,EUROPE,718,HUB,42,15,15,12,48,-57,70
106,Geneva,Switzerland,,EUROPE,36,EUROPE,437,HUB,42,15,15,12,95,-11,117
107,Memphis,United States,Tennessee,AMERICAS,50,USA,813,HUB,42,14,15,13,141,34,97
108,Glasgow,United Kingdom,,EUROPE,37,UK,446,HUB,42,15,15,12,96,-12,95
109,St Petersburg,Russia,St Petersburg,EUROPE,38,RUSSIA,1271,HUB,42,17,14,11,74,-35,93
110,Auckland,New Zealand,Greater Auckland,ASIA,20,ANZ,81,HUB,42,15,15,12,97,-13,96
111,New Orleans,United States,Louisiana,AMERICAS,51,USA,900,HUB,42,15,15,12,171,60,119
112,Columbus,United States,Ohio,AMERICAS,52,USA,296,HUB,42,14,15,13,203,91,116
113,Boulder,United States,Colorado,AMERICAS,53,USA,168,HUB,42,14,14,14,107,-6,101
114,Warsaw,Poland,,EUROPE,39,EUROPE,1470,HUB,42,16,15,11,96,-18,102
115,Rio De Janeiro,Brazil,Rio De Janeiro,AMERICAS,54,LATIN AMERICA,1109,HUB,42,16,14,12,131,16,118
116,Milwaukee,United States,Wisconsin,AMERICAS,55,USA,827,HUB,42,14,15,13,147,31,121
117,Nagoya,Japan,Aichi,ASIA,21,JAPAN,877,HUB,42,14,16,12,150,33,120
118,Cincinnati,United States,Ohio,AMERICAS,56,USA,275,HUB,42,14,15,13,174,56,124
119,Jakarta,Indonesia,Jakarta,ASIA,22,ASIA,582,HUB,42,15,12,15,261,142,177
120,Wellington,New Zealand,Wellington,ASIA,23,ANZ,1473,HUB,42,14,16,12,111,-9,100
121,Ottawa,Canada,Ontario,AMERICAS,57,CANADA,983,HUB,42,15,15,12,193,72,126
122,Jacksonville,United States,Florida,AMERICAS,58,USA,580,HUB,42,14,15,13,160,38,162
123,Birmingham,United Kingdom,West Midlands,EUROPE,40,UK,152,HUB,42,15,15,12,163,40,146
124,Valencia,Spain,,EUROPE,41,EUROPE,1421,HUB,42,15,15,12,248,124,195
125,Louisville,United States,Kentucky,AMERICAS,59,USA,742,HUB,42,14,15,13,216,91,206
126,Liverpool,United Kingdom,,EUROPE,42,UK,732,HUB,42,15,15,12,137,11,129
127,Delhi,India,Delhi,ASIA,24,INDIA,332,HUB,42,16,14,12,224,97,199
128,Buffalo,United States,New York,AMERICAS,60,USA,197,HUB,42,14,15,13,138,10,156
129,Dresden,Germany,,EUROPE,43,EUROPE,352,HUB,41,14,15,12,102,-27,131
130,Albuquerque,United States,New Mexico,AMERICAS,61,USA,27,HUB,41,14,14,13,179,49,94
131,Oporto,Portugal,,EUROPE,44,EUROPE,966,HUB,41,15,14,12,124,-7,104
132,Richmond,United States,Virginia,AMERICAS,62,USA,1105,HUB,41,14,14,13,92,-40,98
133,Marseille,France,Provence-Alpes-Côte d'Azur,EUROPE,45,EUROPE,794,HUB,41,14,15,12,85,-48,130
134,Basel,Switzerland,,EUROPE,46,EUROPE,1538,HUB,41,14,16,11,149,15,133
135,Des Moines,United States,Iowa,AMERICAS,63,USA,336,HUB,41,13,14,14,145,10,142
136,Santiago,Chile,,AMERICAS,64,LATIN AMERICA,1186,HUB,41,14,13,14,274,138,149
137,Eindhoven,Netherlands,,EUROPE,47,EUROPE,370,HUB,41,14,15,12,122,-15,140
138,Medellin,Colombia,Antioquia,AMERICAS,65,LATIN AMERICA,809,HUB,41,15,13,13,174,36,141
139,Bangalore,India,Karnataka,ASIA,25,INDIA,100,HUB,41,14,15,12,171,32,139
140,Toulouse,France,Midi-Pyrénées,EUROPE,48,EUROPE,1376,HUB,41,14,15,12,105,-35,155
141,Bilbao,Spain,,EUROPE,49,EUROPE,149,HUB,41,15,14,12,99,-42,147
142,Fukuoka,Japan, Fukuoka Prefecture,ASIA,26,JAPAN,423,HUB,41,14,15,12,119,-23,127
143,Essen,Germany,,EUROPE,50,EUROPE,386,HUB,40,14,16,10,129,-14,148
144,Bristol,United Kingdom,,EUROPE,51,UK,187,HUB,41,14,15,12,113,-31,123
145,Karlsruhe,Germany,,EUROPE,52,EUROPE,619,HUB,41,14,15,12,95,-50,122
146,Napoli (Naples),Italy,,EUROPE,53,EUROPE,886,HUB,41,16,14,11,159,13,136
147,Yokohama,Japan,Kanagawa,ASIA,27,JAPAN,1508,HUB,41,14,16,11,155,8,143
148,Albany,United States,New York,AMERICAS,66,USA,1627,HUB,41,14,14,13,161,13,161
149,Leeds,United Kingdom,,EUROPE,54,UK,715,HUB,41,15,15,11,184,35,150
150,El Paso,United States,Texas,AMERICAS,67,USA,373,HUB,41,14,14,13,229,79,166
151,Hannover,Germany,,EUROPE,55,EUROPE,489,HUB,41,14,16,11,109,-42,154
152,Madison,United States,Wisconsin,AMERICAS,68,USA,765,HUB,41,14,14,13,196,44,170
153,Newcastle-upon-Tyne,United Kingdom,,EUROPE,56,UK,903,HUB,41,14,15,12,232,79,172
154,Adelaide,Australia,SA,ASIA,28,ANZ,13,HUB,41,15,14,12,172,18,163
155,Allentown,United States,Pennsylvania,AMERICAS,69,USA,34,HUB,41,13,15,13,208,53,185
156,Tucson,United States,Arizona,AMERICAS,70,USA,1391,HUB,41,13,14,14,209,53,181
157,Nottingham,United Kingdom,,EUROPE,57,UK,933,HUB,41,14,15,12,199,42,201
158,Belfast,United Kingdom,,EUROPE,58,UK,129,HUB,41,15,15,11,177,19,167
159,Florence,Italy,,EUROPE,59,EUROPE,396,HUB,41,16,14,11,203,44,211
160,Canberra,Australia,ACT,ASIA,29,ANZ,219,HUB,41,15,14,12,175,15,152
161,Colorado Springs,United States,Colorado,AMERICAS,71,USA,293,HUB,41,14,14,13,178,17,196
162,Cleveland,United States,Ohio,AMERICAS,72,USA,284,HUB,41,14,15,12,160,-2,165
163,Charleston,United States,South Carolina,AMERICAS,73,USA,246,HUB,41,14,14,13,200,37,184
164,Hamilton,Canada,Ontario,AMERICAS,74,CANADA,484,HUB,41,14,15,12,256,92,205
165,Norfolk-Virginia Beach,United States,Virginia,AMERICAS,75,USA,924,HUB,41,13,15,13,162,-3,169
166,Bonn,Germany,,EUROPE,60,EUROPE,164,HUB,41,14,16,11,151,-15,207
167,Ventura-Oxnard,United States,California,AMERICAS,76,USA,1633,HUB,41,13,14,14,159,-8,159
168,Bogotá,Colombia,Cundinamarca Department,AMERICAS,77,LATIN AMERICA,160,NODE,40,15,12,13,227,59,178
169,Tallahassee,United States,Florida,AMERICAS,78,USA,1322,NODE,40,13,14,13,111,-58,115
170,Nuremberg,Germany,,EUROPE,61,EUROPE,943,NODE,40,14,16,10,142,-28,180
171,Bucharest,Romania,,EUROPE,62,EUROPE,193,NODE,40,15,14,11,232,61,157
172,Bremen,Germany,,EUROPE,63,EUROPE,181,NODE,40,14,15,11,173,1,194
173,Cardiff,United Kingdom,,EUROPE,64,UK,226,NODE,40,14,15,11,210,37,204
174,Dortmund,Germany,,EUROPE,65,EUROPE,349,NODE,40,15,15,10,129,-45,138
175,Utrecht,Netherlands,,EUROPE,66,EUROPE,1416,NODE,40,13,15,12,161,-14,179
176,Torino,Italy,,EUROPE,67,EUROPE,1369,NODE,40,15,14,11,127,-49,164
177,Salzburg,Austria,Salzburg,EUROPE,68,EUROPE,1153,NODE,40,15,14,11,183,6,174
178,Aachen,Germany,North Rhine-Westphalia,EUROPE,69,EUROPE,1,NODE,40,14,15,11,132,-46,128
179,Winnipeg,Canada,Manitoba,AMERICAS,79,CANADA,1483,NODE,40,14,15,11,246,67,223
180,Duisburg,Germany,,EUROPE,70,EUROPE,357,NODE,40,14,15,11,162,-18,153
181,Gothenburg,Sweden,,EUROPE,71,EUROPE,453,NODE,40,14,14,12,199,18,151
182,Nice,France,Provence-Alpes-Côte d'Azur,EUROPE,72,EUROPE,907,NODE,40,14,14,12,110,-72,132
183,Luxembourg,Luxembourg,,EUROPE,73,EUROPE,1548,NODE,40,14,15,11,157,-26,222
184,Tulsa,United States,Oklahoma,AMERICAS,80,USA,1394,NODE,40,13,14,13,258,74,187
185,Omaha,United States,Nebraska,AMERICAS,81,USA,961,NODE,40,13,14,13,266,81,238
186,Oklahoma City,United States,Oklahoma,AMERICAS,82,USA,955,NODE,40,13,15,12,161,-25,182
187,Sapporo,Japan,Hokkaido,ASIA,30,JAPAN,1546,NODE,40,14,14,12,175,-12,145
188,Grand Rapids,United States,Michigan,AMERICAS,83,USA,457,NODE,40,13,14,13,195,7,183
189,Hartford,United States,Connecticut,AMERICAS,84,USA,493,NODE,40,13,14,13,165,-24,176
190,Ann Arbor,United States,Michigan,AMERICAS,85,USA,51,NODE,40,13,14,13,120,-70,114
191,Incheon,South Korea,,ASIA,31,ASIA,1550,NODE,40,14,13,13,116,-75,144
192,Rochester,United States,New York,AMERICAS,86,USA,1115,NODE,40,13,14,13,143,-49,168
193,Columbia,United States,South Carolina,AMERICAS,87,USA,294,NODE,40,13,14,13,258,65,193
194,Knoxville,United States,Tennessee,AMERICAS,88,USA,662,NODE,40,13,14,13,281,87,233
195,Nantes,France,Pays de la Loire,EUROPE,74,EUROPE,884,NODE,40,14,15,11,127,-68,190
196,Toledo,United States,Ohio,AMERICAS,89,USA,1362,NODE,40,13,14,13,245,49,191
197,Savannah,United States,Georgia,AMERICAS,90,USA,1211,NODE,40,14,14,12,179,-18,197
198,Syracuse,United States,New York,AMERICAS,91,USA,1302,NODE,40,13,14,13,219,21,225
199,Daegu,South Korea,North Gyeongsang,ASIA,32,ASIA,1552,NODE,40,14,14,12,172,-27,160
200,Akron,United States,Ohio,AMERICAS,92,USA,23,NODE,40,13,14,13,279,79,224
201,Boise,United States,Idaho,AMERICAS,93,USA,161,NODE,40,13,14,13,149,-52,186
202,Springfield,United States,Massachusetts,AMERICAS,94,USA,1266,NODE,40,13,14,13,215,13,234
203,Manchester,United States,New Hampshire,AMERICAS,95,USA,781,NODE,40,13,14,13,185,-18,249
204,Malmö,Sweden,,EUROPE,75,EUROPE,777,NODE,39,13,14,12,174,-30,135
205,Halifax,Canada,Nova Scotia,AMERICAS,96,CANADA,480,NODE,39,14,15,10,251,46,202
206,Sheffield,United Kingdom,,EUROPE,76,UK,1229,NODE,39,14,14,11,234,28,216
207,Bern,Switzerland,,EUROPE,77,EUROPE,1539,NODE,39,13,15,11,202,-5,171
208,Mannheim-Heidelberg,Germany,,EUROPE,78,EUROPE,1558,NODE,39,14,15,10,117,-91,134
209,Christchurch,New Zealand,South island,ASIA,33,ANZ,273,NODE,39,14,15,10,271,62,200
210,Birmingham,United States,Alabama,AMERICAS,97,USA,151,NODE,39,13,14,12,185,-25,192
211,Coventry,United Kingdom,,EUROPE,79,UK,310,NODE,39,14,14,11,221,10,218
212,Tallinn,Estonia,,EUROPE,80,EUROPE,1323,NODE,39,14,14,11,246,34,237
213,Antwerp,Belgium,Flanders,EUROPE,81,EUROPE,54,NODE,39,15,13,11,152,-61,188
214,Gold Coast,Australia,QLD,ASIA,34,ANZ,1533,NODE,39,14,13,12,198,-16,198
215,Baton Rouge,United States,Louisiana,AMERICAS,98,USA,119,NODE,39,13,14,12,244,29,208
216,Little Rock,United States,Arkansas,AMERICAS,99,USA,731,NODE,39,13,14,12,261,45,210
217,Strasbourg,France,Alsace,EUROPE,82,EUROPE,1284,NODE,39,14,14,11,120,-97,213
218,Kitchener,Canada,Ontario,AMERICAS,100,CANADA,659,NODE,39,13,15,11,303,85,288
219,Greensboro,United States,North Carolina,AMERICAS,101,USA,461,NODE,39,13,14,12,210,-9,203
220,Lexington,United States,Kentucky,AMERICAS,102,USA,722,NODE,39,13,14,12,272,52,271
221,London,Canada,Ontario,AMERICAS,103,CANADA,736,NODE,39,13,15,11,293,72,278
222,Dayton,United States,Ohio,AMERICAS,104,USA,330,NODE,39,13,14,12,298,76,272
223,Portland,United States,Maine,AMERICAS,105,USA,2104,NODE,39,13,14,12,255,32,240
224,Chennai,India,Tamil Nadu,ASIA,35,INDIA,255,NODE,39,15,13,11,255,31,252
225,Corpus Christi,United States,Texas,AMERICAS,106,USA,307,NODE,39,13,14,12,217,-8,215
226,Winston-Salem,United States,North Carolina,AMERICAS,107,USA,1484,NODE,39,13,14,12,301,75,255
227,Southampton,United Kingdom,,EUROPE,83,UK,1260,NODE,39,14,14,11,250,23,221
228,Spokane,United States,Washington,AMERICAS,108,USA,1264,NODE,39,14,13,12,207,-21,246
229,Daejeon,South Korea,Chungnam,ASIA,36,ASIA,1613,NODE,39,14,13,12,222,-7,189
230,Chattanooga,United States,Tennessee,AMERICAS,109,USA,249,NODE,39,13,13,13,280,50,267
231,Fresno,United States,California,AMERICAS,110,USA,413,NODE,39,13,13,13,193,-38,173
232,Reno,United States,Nevada,AMERICAS,111,USA,1097,NODE,39,13,13,13,307,75,250
233,Jackson,United States,Mississippi,AMERICAS,112,USA,579,NODE,39,13,14,12,303,70,270
234,Green Bay,United States,Wisconsin,AMERICAS,113,USA,460,NODE,39,13,14,12,226,-8,236
235,Bridgeport,United States,Connecticut,AMERICAS,114,USA,184,NODE,39,12,14,13,226,-9,214
236,Jerusalem,Israel,,EUROPE,84,MID-EAST,588,NODE,39,14,13,12,197,-39,219
237,Chongqing,China,Chongqing,ASIA,37,CHINA,272,NODE,39,13,13,13,305,68,281
238,Bakersfield,United States,California,AMERICAS,115,USA,94,NODE,39,13,14,12,229,-9,247
239,Manila,Philippines,Manila,ASIA,38,ASIA,783,NODE,39,15,11,13,321,82,287
240,Ningbo,China,Zhejiang,ASIA,39,CHINA,1683,NODE,39,14,12,13,313,73,304
241,Lincoln,United States,Nebraska,AMERICAS,116,USA,727,NODE,39,13,14,12,323,82,282
242,Tianjin,China,Tianjin,ASIA,40,CHINA,1349,NODE,39,13,12,14,244,2,256
243,Wuhan,China,Hubei,ASIA,41,CHINA,1488,NODE,39,13,13,13,296,53,302
244,Suzhou,China,Jiangsu,ASIA,42,CHINA,1297,NODE,39,14,12,13,212,-32,220
245,Graz,Austria,Styria,EUROPE,85,EUROPE,459,NODE,38,14,14,10,167,-78,217
246,Bologna,Italy,,EUROPE,86,EUROPE,162,NODE,38,15,13,10,255,9,231
247,Rennes,France,Brittany,EUROPE,87,EUROPE,1096,NODE,38,13,14,11,200,-47,243
248,Seville,Spain,,EUROPE,88,EUROPE,1224,NODE,38,15,13,10,282,34,280
249,Bordeaux,France,Aquitaine,EUROPE,89,EUROPE,165,NODE,38,14,14,10,118,-131,212
250,Bochum,Germany,,EUROPE,90,EUROPE,159,NODE,38,14,14,10,162,-88,158
251,Sofia,Bulgaria,,EUROPE,91,EUROPE,1247,NODE,38,14,13,11,262,11,258
252,Kraków,Poland,,EUROPE,92,EUROPE,682,NODE,38,15,13,10,313,61,306
253,Lille,France,Nord-Pas-de-Calais,EUROPE,93,EUROPE,724,NODE,38,13,14,11,177,-76,254
254,Kawasaki,Japan,,ASIA,43,JAPAN,632,NODE,38,14,13,11,356,102,349
255,Kiel,Germany,,EUROPE,94,EUROPE,643,NODE,38,13,15,10,179,-76,232
256,Hiroshima,Japan,"Hiroshima Prefecture,",ASIA,44,JAPAN,514,NODE,38,13,14,11,241,-15,260
257,Lucerne,Switzerland,,EUROPE,95,EUROPE,1540,NODE,38,12,15,11,177,-80,175
258,Anchorage,United States,Alaska,AMERICAS,117,USA,47,NODE,38,13,13,12,306,48,273
259,Montgomery,United States,Alabama,AMERICAS,118,USA,851,NODE,38,13,14,11,260,1,266
260,Málaga,Spain,,EUROPE,96,EUROPE,776,NODE,38,14,13,11,292,32,290
261,Thessaloniki,Greece,,EUROPE,97,EUROPE,1549,NODE,38,14,13,11,324,63,244
262,Greenville,United States,South Carolina,AMERICAS,119,USA,1628,NODE,38,13,14,11,299,37,312
263,Ankara,Turkey,Ankara,EUROPE,98,MID-EAST,50,NODE,38,14,13,11,303,40,245
264,Augusta,United States,Georgia,AMERICAS,120,USA,83,NODE,38,13,13,12,276,12,263
265,Nagasaki,Japan,Nagasaki,ASIA,45,JAPAN,876,NODE,38,14,13,11,224,-41,227
266,Wichita,United States,Kansas,AMERICAS,121,USA,1479,NODE,38,13,13,12,245,-21,276
267,Wilmington,United States,Delaware,AMERICAS,122,USA,2105,NODE,38,13,13,12,285,18,289
268,Linz,Austria,Upper Austria,EUROPE,99,EUROPE,728,NODE,38,13,14,11,198,-70,261
269,Nanjing,China,Jiangsu,ASIA,46,CHINA,883,NODE,38,13,13,12,178,-91,241
270,Modesto,United States,California,AMERICAS,123,USA,840,NODE,38,13,13,12,243,-27,226
271,Kingston-Upon-Hull,United Kingdom,,EUROPE,100,UK,649,NODE,38,13,14,11,250,-21,283
272,Liège,Belgium,Liège,EUROPE,101,EUROPE,723,NODE,38,14,13,11,261,-11,253
273,Grenoble,France,Rhône-Alpes,EUROPE,102,EUROPE,463,NODE,38,13,14,11,243,-30,257
274,Cedar Rapids,United States,Iowa,AMERICAS,124,USA,241,NODE,38,12,14,12,286,12,291
275,Gent,Belgium,East Flanders,EUROPE,103,EUROPE,439,NODE,38,14,13,11,254,-21,269
276,Lancaster,United States,Pennsylvania,AMERICAS,125,USA,1629,NODE,38,13,13,12,254,-22,279
277,Stockton,United States,California,AMERICAS,126,USA,1281,NODE,38,12,13,13,230,-47,248
278,Monterrey,Mexico,Nuevo León,AMERICAS,127,LATIN AMERICA,848,NODE,38,13,12,13,254,-24,230
279,Hangzhou,China,Zhejiang,ASIA,47,CHINA,488,NODE,38,13,12,13,257,-22,299
280,Springfield,United States,Missouri,AMERICAS,128,USA,1267,NODE,38,13,13,12,324,44,303
281,Riyadh,Saudi Arabia,,EMERGING,3,MID-EAST,1112,NODE,38,12,12,14,385,104,371
282,Wrocław,Poland,Lower Silesian,EUROPE,104,EUROPE,1908,NODE,37,14,13,10,291,9,311
283,Montpellier,France,Languedoc-Roussillon,EUROPE,105,EUROPE,852,NODE,37,13,14,10,163,-120,239
284,Doha,Qatar,,EMERGING,4,MID-EAST,344,NODE,37,11,14,12,257,-27,294
285,Venice,Italy,,EUROPE,106,EUROPE,1433,NODE,37,14,13,10,251,-34,277
286,Wuppertal,Germany,,EUROPE,107,EUROPE,1489,NODE,37,13,14,10,263,-23,251
287,Riga,Latvia,,EUROPE,108,EUROPE,1106,NODE,37,14,13,10,297,10,300
288,Charlottesville,United States,Virginia,AMERICAS,129,USA,1543,NODE,37,13,13,11,180,-108,228
289,Cape Town,South Africa,Western Cape,EMERGING,5,AFRICA,223,NODE,37,15,12,10,160,-129,265
290,Hobart,Australia,TAS,ASIA,48,ANZ,518,NODE,37,14,13,10,280,-10,264
291,Gdansk,Poland,,EUROPE,109,EUROPE,434,NODE,37,14,13,10,230,-61,242
292,Reykjavik,Iceland,,EUROPE,110,EUROPE,1099,NODE,37,14,13,10,288,-4,235
293,Newcastle,Australia,NSW,ASIA,49,ANZ,1531,NODE,37,13,13,11,335,42,309
294,Kaohsiung,Taiwan,Taiwan,ASIA,50,CHINA,1610,NODE,37,13,13,11,268,-26,321
295,Verona,Italy,,EUROPE,111,EUROPE,1435,NODE,37,14,13,10,304,9,319
296,Katowice,Poland,,EUROPE,112,EUROPE,626,NODE,37,14,13,10,313,17,307
297,Haifa,Israel,,EUROPE,113,MID-EAST,479,NODE,37,13,13,11,323,26,317
298,Ulsan,South Korea,,ASIA,51,ASIA,1551,NODE,37,13,13,11,215,-83,229
299,Fredericton - St John,Canada,New Brunswick,AMERICAS,130,CANADA,1556,NODE,37,12,15,10,327,28,314
300,Bath & NE Somerset,United Kingdom,,EUROPE,114,UK,118,NODE,37,14,13,10,284,-16,322
301,Padova,Italy,,EUROPE,115,EUROPE,991,NODE,37,14,13,10,323,22,318
302,Lima,Peru,,AMERICAS,131,LATIN AMERICA,725,NODE,37,14,11,12,348,46,293
303,Izmir,Turkey,Izmir,EUROPE,116,MID-EAST,574,NODE,37,14,12,11,331,28,284
304,Cairo,Egypt,Cairo,EMERGING,6,MID-EAST,208,NODE,37,14,12,11,334,30,324
305,Odense,Denmark,,EUROPE,117,EUROPE,948,NODE,37,13,13,11,182,-123,209
306,Rochester,United States,Minnesota,AMERICAS,132,USA,1114,NODE,37,12,13,12,234,-72,275
307,Chengdu,China,Sichuan,ASIA,52,CHINA,254,NODE,37,12,12,13,226,-81,259
308,Xiamen,China,Fujian,ASIA,53,CHINA,1493,NODE,37,13,12,12,289,-19,285
309,Modena,Italy,,EUROPE,118,EUROPE,839,NODE,36,14,13,9,334,25,333
310,Wollongong,Australia,NSW,ASIA,54,ANZ,1555,NODE,36,12,13,11,288,-22,262
311,Vilnius,Lithuania,,EUROPE,119,EUROPE,1445,NODE,36,14,13,9,316,5,292
312,Ljubljana,Slovenia,,EUROPE,120,EUROPE,734,NODE,36,13,13,10,241,-71,301
313,Geelong,Australia,VIC,ASIA,55,ANZ,1530,NODE,36,13,13,10,324,11,326
314,Colombo,Sri Lanka,,ASIA,56,ASIA,292,NODE,36,13,12,11,309,-5,327
315,Kuwait City,Kuwait,,EMERGING,7,MID-EAST,698,NODE,36,12,12,12,308,-7,268
316,Kagoshima,Japan,,ASIA,57,JAPAN,600,NODE,36,13,13,10,316,0,313
317,Belgrade,Serbia,,EUROPE,121,EUROPE,132,NODE,36,14,12,10,198,-119,323
318,Suwon,South Korea,Gyeonggi-do,ASIA,58,ASIA,1614,NODE,36,13,13,10,300,-18,331
319,Leuven,Belgium,Flemish Brabant,EUROPE,122,EUROPE,1620,NODE,36,13,13,10,235,-84,296
320,Brno,Czech Republic,South Moravian Region,EUROPE,123,EUROPE,188,NODE,36,13,14,9,334,14,335
321,Hyderabad,India,Andhra Pradesh,ASIA,59,INDIA,531,NODE,36,13,12,11,327,6,316
322,Curitiba,Brazil,Paraná,AMERICAS,133,LATIN AMERICA,318,NODE,36,14,11,11,293,-29,286
323,Sharjah,United Arab Emirates,,EMERGING,8,MID-EAST,1228,NODE,36,12,12,12,363,40,352
324,Ho Chi Minh City,Vietnam,South Vietnam,ASIA,60,ASIA,517,NODE,36,14,10,12,307,-17,325
325,Springfield,United States,Illinois,AMERICAS,134,USA,1265,NODE,36,12,13,11,283,-42,297
326,Granada,Spain,,EUROPE,124,EUROPE,455,NODE,36,13,13,10,385,59,385
327,Belo Horizonte,Brazil,Minas Gerais,AMERICAS,135,LATIN AMERICA,135,NODE,36,14,11,11,353,26,355
328,Moncton,Canada,New Brunswick,AMERICAS,136,CANADA,846,NODE,36,12,14,10,336,8,342
329,Brasilia,Brazil,Brasilia,AMERICAS,137,LATIN AMERICA,174,NODE,36,14,11,11,335,6,361
330,Wuxi,China,Jiangsu,ASIA,61,CHINA,1490,NODE,36,13,11,12,349,19,347
331,Fargo,United States,North Dakota,AMERICAS,138,USA,2103,NODE,36,12,13,11,350,19,332
332,Tainan,Taiwan,Taiwan,ASIA,62,CHINA,1312,NODE,36,13,13,10,380,48,370
333,Wenzhou,China,Zhejiang,ASIA,63,CHINA,1676,NODE,36,13,11,12,381,48,351
334,Pamplona,Spain,,EUROPE,125,EUROPE,997,NODE,36,13,13,10,315,-19,343
335,Sioux Falls,United States,South Dakota,AMERICAS,139,USA,1241,NODE,36,12,13,11,363,28,364
336,Dalian,China,Liaoning,ASIA,64,CHINA,324,NODE,36,13,11,12,273,-63,315
337,Burlington,United States,Vermont,AMERICAS,140,USA,2100,NODE,36,12,13,11,355,18,340
338,Qingdao,China,Shandong,ASIA,65,CHINA,1078,NODE,36,12,11,13,348,10,337
339,Fuzhou,China,Fujian,ASIA,66,CHINA,1693,NODE,36,13,11,12,367,28,344
340,Bozeman,United States,Montana,AMERICAS,141,USA,171,NODE,36,11,13,12,316,-24,330
341,Taichung,Taiwan,Taiwan,ASIA,67,CHINA,2086,NODE,36,13,13,10,415,74,398
342,Pune,India,Maharashtra,ASIA,68,INDIA,1076,NODE,36,13,12,11,312,-30,346
343,Shenyang,China,Liaoning ,ASIA,69,CHINA,1554,NODE,36,13,11,12,366,23,373
344,Dongguan,China,Guangdong,ASIA,70,CHINA,347,NODE,36,13,11,12,285,-59,310
345,Trieste,Italy,,EUROPE,126,EUROPE,1383,NODE,35,13,13,9,326,-19,339
346,Reims,France,Champagne-Ardenne,EUROPE,127,EUROPE,1094,NODE,35,13,12,10,219,-127,305
347,Kiev,Ukraine,,EMERGING,9,EURASIA,645,NODE,35,15,11,9,385,38,399
348,Kolkata,India,West Bengal,ASIA,71,INDIA,670,NODE,35,13,12,10,389,41,383
349,Dijon,France,Bourgogne ,EUROPE,128,EUROPE,1581,NODE,35,13,13,9,240,-109,298
350,Saint-Étienne,France,Rhône-Alpes,EUROPE,129,EUROPE,1137,NODE,35,12,13,10,246,-104,320
351,Johannesburg,South Africa,Gauteng,EMERGING,10,AFRICA,591,NODE,35,14,11,10,367,16,380
352,Gijón,Spain,,EUROPE,130,EUROPE,443,NODE,35,13,12,10,350,-2,357
353,Roanoke,United States,North Carolina,AMERICAS,142,USA,1632,NODE,35,11,13,11,246,-107,274
354,Jeddah,Saudi Arabia,,EMERGING,11,MID-EAST,584,NODE,35,12,11,12,334,-20,336
355,Quanzhou,China,Fujian,ASIA,72,CHINA,1675,NODE,35,12,11,12,376,21,365
356,Guadalajara,Mexico,Jalisco,AMERICAS,143,LATIN AMERICA,466,NODE,35,13,11,11,366,10,328
357,Ahmedabad,India,Gujarat,ASIA,73,INDIA,17,NODE,35,13,11,11,348,-9,345
358,Porto Alegre,Brazil,Rio Grande do Sul,AMERICAS,144,LATIN AMERICA,1054,NODE,35,14,11,10,380,22,381
359,Xi'an,China,Shaanxi,ASIA,74,CHINA,1494,NODE,35,12,11,12,302,-57,334
360,Nantong,China,Jiangsu,ASIA,75,CHINA,1689,NODE,35,13,10,12,407,47,391
361,Foshan,China,Guangdong,ASIA,76,CHINA,406,NODE,35,12,11,12,397,36,394
362,Kunming,China,Yunnan,ASIA,77,CHINA,1682,NODE,35,12,11,12,394,32,374
363,Nanning,China,Guangxi,ASIA,78,CHINA,1690,NODE,35,12,11,12,384,21,372
364,Harbin,China,Heilongjiang,ASIA,79,CHINA,492,NODE,35,12,11,12,370,6,396
365,Nanchang,China,Jiangxi,ASIA,80,CHINA,1678,NODE,35,13,10,12,408,43,390
366,Taiyuan,China,Shanxi,ASIA,81,CHINA,1680,NODE,35,12,10,13,406,40,392
367,Bratislava,Slovakia,,EUROPE,131,EUROPE,176,UPSTART,34,13,12,9,280,-87,353
368,Parma,Italy,,EUROPE,132,EUROPE,1003,UPSTART,34,13,12,9,292,-76,295
369,Zagreb,Croatia,,EUROPE,133,EUROPE,1515,UPSTART,34,12,13,9,265,-104,329
370,Fuji,Japan,,ASIA,82,JAPAN,416,UPSTART,34,13,12,9,402,32,403
371,Limoges,France,Limousin,EUROPE,134,EUROPE,1584,UPSTART,34,13,12,9,309,-62,350
372,Antalya,Turkey,,EUROPE,135,MID-EAST,1993,UPSTART,34,13,11,10,383,11,367
373,Salvador,Brazil,,AMERICAS,145,LATIN AMERICA,1152,UPSTART,34,13,10,11,363,-10,363
374,Cordoba,Argentina,Córdoba Province,AMERICAS,146,LATIN AMERICA,304,UPSTART,34,14,11,9,386,12,407
375,Yangzhou,China,Jiangsu,ASIA,83,CHINA,1750,UPSTART,34,12,11,11,401,26,384
376,Billings,United States,Montana,AMERICAS,147,USA,150,UPSTART,34,12,12,10,379,3,382
377,Karachi,Pakistan,,EMERGING,12,EURASIA,616,UPSTART,34,12,11,11,407,30,379
378,Puebla,Mexico,Puebla,AMERICAS,148,LATIN AMERICA,1071,UPSTART,34,12,11,11,383,5,387
379,Fortaleza,Brazil,Ceará,AMERICAS,149,LATIN AMERICA,405,UPSTART,34,13,10,11,430,51,423
380,Jinan,China,Shandong,ASIA,84,CHINA,1677,UPSTART,34,12,10,12,402,22,386
381,Macau,China,Macau,ASIA,85,CHINA,760,UPSTART,34,12,11,11,292,-89,308
382,Zhengzhou,China,Henan,ASIA,86,CHINA,1611,UPSTART,34,11,11,12,381,-1,395
383,Zhuhai,China,Guangdong,ASIA,87,CHINA,1524,UPSTART,34,12,10,12,344,-39,348
384,Bendigo,Australia,VIC,ASIA,88,ANZ,1529,UPSTART,34,11,13,10,341,-43,356
385,Le Havre,France,Haute-Normandie,EUROPE,136,EUROPE,714,UPSTART,33,12,12,9,287,-98,341
386,Queenstown,New Zealand,Otago,ASIA,89,ANZ,1541,UPSTART,33,11,13,9,360,-26,360
387,Cannes,France,Provence-Alpes-Côte d'Azur,EUROPE,137,EUROPE,1535,UPSTART,33,12,12,9,277,-110,358
388,Ballarat,Australia,VIC,ASIA,90,ANZ,1528,UPSTART,33,11,12,10,338,-50,354
389,Rouen,France,Haute-Normandie ,EUROPE,138,EUROPE,1596,UPSTART,33,12,12,9,247,-142,338
390,Tehran,Iran,,EMERGING,13,MID-EAST,1335,UPSTART,33,12,11,10,418,28,413
391,Metz,France,Lorraine,EUROPE,139,EUROPE,1585,UPSTART,33,12,13,8,308,-83,359
392,"Changchun, Jilin",China,Jilin,ASIA,91,CHINA,1608,UPSTART,33,11,10,12,299,-93,388
393,Kazan,Russia,Tatarstan,EUROPE,140,RUSSIA,633,UPSTART,33,13,11,9,290,-103,375
394,Timisoara,Romania,,EUROPE,141,EUROPE,1352,UPSTART,33,13,12,8,405,11,430
395,"Bursa, Turkey",Turkey,Bursa,EUROPE,142,MID-EAST,1618,UPSTART,33,12,12,9,398,3,397
396,Recife,Brazil,Pernambuco,AMERICAS,150,LATIN AMERICA,1091,UPSTART,33,13,10,10,369,-27,366
397,Hanoi,Vietnam,Hanoi,ASIA,92,ASIA,490,UPSTART,34,12,10,12,351,-46,378
398,Alexandria,Egypt,Alexandria Governorate,EMERGING,14,MID-EAST,29,UPSTART,33,13,11,9,399,1,408
399,Zhongshan,China,Guangdong,ASIA,93,CHINA,2073,UPSTART,33,12,10,11,423,24,412
400,Cheyenne,United States,Wyoming,AMERICAS,151,USA,2102,UPSTART,33,11,12,10,397,-3,414
401,Hefei,China,Anhui,ASIA,94,CHINA,1685,UPSTART,33,12,10,11,420,19,411
402,Panama City,Panama,Panama Canal,AMERICAS,152,LATIN AMERICA,998,UPSTART,33,12,11,10,367,-35,389
403,Kosice,Slovakia,,EUROPE,143,EUROPE,678,UPSTART,32,12,12,8,362,-41,401
404,Jaipur,India,Rajasthan,ASIA,95,INDIA,581,UPSTART,32,13,10,9,408,4,393
405,Novosibirsk,Russia,Novosibirsk Oblast,EUROPE,144,RUSSIA,940,UPSTART,32,13,11,8,327,-78,416
406,Montevideo,Uruguay,,AMERICAS,153,LATIN AMERICA,850,UPSTART,32,12,11,9,382,-24,377
407,Tbilisi,Georgia,Tbilisi,EMERGING,15,EURASIA,1617,UPSTART,32,13,11,8,420,13,418
408,"San Jose, Costa Rica",Costa Rica,San Jose,AMERICAS,154,LATIN AMERICA,1162,UPSTART,32,12,11,9,392,-16,415
409,Petaling Jaya,Malaysia,Selangor,ASIA,96,ASIA,1615,UPSTART,32,11,11,10,332,-77,362
410,Yantai-Weihai,China,Shandong,ASIA,97,CHINA,1609,UPSTART,32,11,10,11,413,3,417
411,Shantou,China,Guangdong,ASIA,98,CHINA,1674,UPSTART,32,11,10,11,447,36,449
412,Yangon,Burma,Yangon Region,ASIA,99,ASIA,1501,UPSTART,32,11,9,12,441,29,429
413,Muscat,Oman,,EMERGING,16,MID-EAST,868,UPSTART,32,10,10,12,412,-1,419
414,Almaty,Kazakhstan,,EMERGING,17,EURASIA,35,UPSTART,32,13,10,9,415,1,400
415,Manama,Bahrain,,EMERGING,18,MID-EAST,779,UPSTART,31,10,11,10,410,-5,422
416,Yekaterinburg,Russia,Sverdlovsk Oblast,EUROPE,145,RUSSIA,1506,UPSTART,31,13,10,8,298,-118,402
417,Adana,Turkey,Mersin Adana,EUROPE,146,MID-EAST,1619,UPSTART,31,12,11,8,339,-78,369
418,Skopje,Macedonia,,EUROPE,147,EUROPE,1243,UPSTART,31,12,12,7,431,13,434
419,Rostov-na-Donu,Russia,Rostov-na-Donu,EUROPE,148,RUSSIA,1121,UPSTART,31,12,11,8,356,-63,425
420,Baku,Azerbaijan,,EMERGING,19,EURASIA,1616,UPSTART,31,12,10,9,386,-34,410
421,Nizhny Novgorod,Russia,Nizhny Novgorod,EUROPE,149,RUSSIA,920,UPSTART,31,12,11,8,341,-80,421
422,Beirut,Lebanon,,EMERGING,20,MID-EAST,126,UPSTART,31,12,10,9,339,-83,368
423,Durban,South Africa,KwaZulu-Natal,EMERGING,21,AFRICA,361,UPSTART,31,12,10,9,402,-21,405
424,Chisinau,Moldova,,EUROPE,150,EUROPE,1621,UPSTART,31,13,11,7,414,-10,455
425,Amman,Jordan,,EMERGING,22,MID-EAST,41,UPSTART,31,11,11,9,389,-36,404
426,Guatemala City,Guatemala,Guatemala,AMERICAS,155,LATIN AMERICA,472,UPSTART,31,12,9,10,442,16,433
427,Casablanca,Morocco,,EMERGING,23,AFRICA,235,UPSTART,31,12,9,10,388,-39,420
428,Lahore,Pakistan,,EMERGING,24,EURASIA,707,UPSTART,31,11,10,10,440,12,432
429,Cali,Colombia,Valle del Cauca,AMERICAS,156,LATIN AMERICA,211,UPSTART,31,12,9,10,457,28,450
430,Dubrovnik,Croatia,,EUROPE,151,EUROPE,355,UPSTART,30,12,11,7,368,-62,376
431,Quito,Ecuador,Pichincha,AMERICAS,157,LATIN AMERICA,1081,UPSTART,30,12,9,9,408,-23,409
432,Sarajevo,Bosnia and Herzegovina,,EUROPE,152,EUROPE,1206,UPSTART,30,12,11,7,457,25,464
433,Nairobi,Kenya,,EMERGING,25,AFRICA,880,UPSTART,30,12,10,8,430,-3,453
434,Santa Cruz de Tenerife,Spain,,EUROPE,153,EUROPE,1178,UPSTART,30,11,11,8,444,10,435
435,Valparaíso,Chile,Valparaíso,AMERICAS,158,LATIN AMERICA,1425,UPSTART,30,10,10,10,399,-36,406
436,Lucknow,India,Uttar Pradesh,ASIA,100,INDIA,749,UPSTART,30,12,10,8,417,-19,442
437,Kaliningrad,Russia,Kaliningrad Oblast,EUROPE,154,RUSSIA,603,UPSTART,30,12,10,8,360,-77,426
438,Krasnoyarsk,Russia,Krasnoyarsk Krai,EUROPE,155,RUSSIA,685,UPSTART,30,12,10,8,360,-78,443
439,Surat,India,Gujarat,ASIA,101,INDIA,1294,UPSTART,30,11,10,9,398,-41,424
440,Samara,Russia,Samara Oblast,EUROPE,156,RUSSIA,1154,UPSTART,30,12,10,8,352,-88,427
441,Perm,Russia,Perm Krai,EUROPE,157,RUSSIA,1019,UPSTART,30,12,10,8,388,-53,440
442,Ajman,United Arab Emirates,,EMERGING,26,MID-EAST,19,UPSTART,30,10,11,9,466,24,461
443,Pretoria,South Africa,,EMERGING,27,AFRICA,1065,UPSTART,30,12,10,8,444,1,445
444,Volgograd,Russia,Volgograd Oblast,EUROPE,158,RUSSIA,1459,UPSTART,30,12,10,8,403,-41,436
445,Dhaka,Bangladesh,Dhaka Division,ASIA,102,ASIA,338,UPSTART,30,12,10,8,426,-19,447
446,"Santo Domingo, DR",Dominican Republic,,AMERICAS,159,LATIN AMERICA,1191,UPSTART,30,11,9,10,416,-30,437
447,Vladivostok,Russia,Primorsky Krai,EUROPE,159,RUSSIA,1457,UPSTART,30,11,10,9,401,-46,439
448,Bandung,Indonesia,West Java,ASIA,103,ASIA,1612,UPSTART,30,11,9,10,437,-11,438
449,Omsk,Russia,Omsk Oblast,EUROPE,160,RUSSIA,963,UPSTART,30,12,10,8,399,-50,441
450,Caracas,Venezuela,,AMERICAS,160,LATIN AMERICA,224,UPSTART,30,11,9,10,419,-31,428
451,Guimaraes,Portugal,Norte,EUROPE,161,EUROPE,2081,UPSTART,29,12,10,7,452,1,454
452,Al-Ain,United Arab Emirates,,EMERGING,28,MID-EAST,24,UPSTART,29,9,10,10,453,1,444
453,Chittagong,Bangladesh,Chittagong,ASIA,104,ASIA,1607,UPSTART,29,11,9,9,435,-18,431
454,Minsk,Belarus,,EMERGING,29,EURASIA,1527,UPSTART,29,12,10,7,448,-6,457
455,Odessa,Ukraine,Odessa Oblast,EMERGING,30,EURASIA,949,UPSTART,29,12,10,7,433,-22,458
456,San Salvador,El Salvador,San Salvador department,AMERICAS,161,LATIN AMERICA,1168,UPSTART,29,12,9,8,407,-49,451
457,"Phnom Penh, Cam",Cambodia,Phnom Penh,ASIA,105,ASIA,1028,UPSTART,29,11,8,10,450,-7,472
458,Kingston,Jamaica,,AMERICAS,162,LATIN AMERICA,648,UPSTART,28,11,10,7,477,19,477
459,Tirana,Albania,,EUROPE,162,EUROPE,1353,UPSTART,28,11,9,8,402,-57,446
460,Tomsk,Russia,Tomsk Oblast,EUROPE,163,RUSSIA,1366,UPSTART,28,11,10,7,397,-63,462
461,Ulaanbaatar,Mongolia,,ASIA,106,ASIA,1407,UPSTART,28,10,8,10,481,20,480
462,Cartagena,Colombia,,AMERICAS,163,LATIN AMERICA,231,UPSTART,28,12,8,8,474,12,470
463,Saratov,Russia,Saratov Oblast,EUROPE,164,RUSSIA,1208,UPSTART,28,11,9,8,397,-66,456
464,Kanpur,India,Uttar Pradesh,ASIA,107,INDIA,613,UPSTART,28,11,9,8,434,-30,448
465,Guayaquil,Ecuador,Guayas,AMERICAS,164,LATIN AMERICA,473,UPSTART,28,11,8,9,470,5,469
466,Madurai,India,Tamil Nadu,ASIA,108,INDIA,1545,UPSTART,28,11,9,8,443,-23,452
467,Astana,Kazakhstan,,EMERGING,31,EURASIA,74,0,27,11,9,7,466,-1,460
468,Kharkov,Ukraine,Kharkiv Oblast,EMERGING,32,EURASIA,639,0,27,11,10,6,432,-36,459
469,Rabat,Morocco,,EMERGING,33,AFRICA,1082,0,27,11,7,9,431,-38,471
470,Lviv,Ukraine,Lviv Oblast,EMERGING,34,EURASIA,756,0,27,11,10,6,411,-59,468
471,San Juan,Argentina,,AMERICAS,165,LATIN AMERICA,2108,0,27,11,9,7,465,-6,463
472,La Paz,Bolivia,La Paz Department,AMERICAS,166,LATIN AMERICA,702,0,27,11,8,8,483,11,482
473,Orenburg,Russia,Orenburg Oblast,EUROPE,165,RUSSIA,971,0,27,11,9,7,434,-39,473
474,Lagos,Nigeria,,EMERGING,35,AFRICA,706,0,27,10,8,9,460,-14,476
475,Tolyatti,Russia,Samara Oblast,EUROPE,166,RUSSIA,1365,0,27,11,9,7,436,-39,474
476,Barnaul,Russia,Altai Krai,EUROPE,167,RUSSIA,109,0,27,11,9,7,431,-45,467
477,Dnepropetrovsk,Ukraine,Dnipropetrovsk Oblast,EMERGING,36,EURASIA,343,0,26,11,9,6,442,-35,479
478,Nassau,Bahamas,,AMERICAS,167,LATIN AMERICA,2106,0,26,10,9,7,476,-2,478
479,Tunis,Tunisia,,EMERGING,37,AFRICA,1395,0,26,10,9,7,480,1,483
480,Asuncion,Paraguay,,AMERICAS,168,LATIN AMERICA,76,0,26,10,9,7,486,6,487
481,Port of Spain,Trinidad and Tobago,,AMERICAS,169,LATIN AMERICA,2107,0,26,10,10,6,488,7,488
482,Izhevsk,Russia,Udmurt Republic,EUROPE,168,RUSSIA,573,0,26,10,9,7,429,-53,466
483,Algiers,Algeria,,EMERGING,38,AFRICA,31,0,26,9,8,9,451,-32,465
484,Bishkek,Kyrgyzstan,,EMERGING,39,EURASIA,153,0,25,11,9,5,448,-36,475
485,Zaporozhye,Ukraine,Zaporizhia Oblast,EMERGING,40,EURASIA,1518,0,25,11,8,6,456,-29,490
486,Havana,Cuba,Havana,AMERICAS,170,LATIN AMERICA,494,0,25,10,7,8,453,-33,481
487,Tegucigalpa,Honduras,,AMERICAS,171,LATIN AMERICA,1334,0,25,10,7,8,459,-28,484
488,Port Louis,Mauritius,,EMERGING,41,AFRICA,1547,0,24,10,8,6,461,-27,485
489,Donetsk,Ukraine,Donetsk Oblast,EMERGING,42,EURASIA,346,0,24,11,8,5,451,-38,486
490,Sevastopol,Ukraine,Sevastopol,EMERGING,43,EURASIA,1222,0,24,11,8,5,453,-37,489
491,Addis Ababa,Ethiopia,Addis Ababa,EMERGING,44,AFRICA,12,0,24,9,8,7,459,-32,494
492,Dakar,Senegal,,EMERGING,45,AFRICA,323,0,23,10,7,6,465,-27,495
493,Dar es Salaam,Tanzania,,EMERGING,46,AFRICA,329,0,23,9,7,7,461,-32,493
494,Simferopol,Ukraine,Crimea,EMERGING,47,EURASIA,1237,0,23,10,8,5,456,-38,491
495,Douala,Cameroon,Cameroon Littoral Region,EMERGING,48,AFRICA,350,0,22,9,6,7,497,2,497
496,Luanda,Angola,,EMERGING,49,AFRICA,744,0,22,8,5,9,468,-28,492
497,Dushanbe,Tajikistan,,EMERGING,50,EURASIA,362,0,22,10,8,4,496,-1,498
498,Port Harcourt,Nigeria,,EMERGING,51,AFRICA,1050,0,20,8,5,7,496,-2,496
499,Kinshasa,Democratic Republic of the Congo,Kinshasa,EMERGING,52,AFRICA,650,0,20,8,6,6,472,-27,500
500,Khartoum,Sudan,,EMERGING,53,AFRICA,640,0,18,8,5,5,499,-1,499
